sexo,indicador_fuente,indicador,anio,trimestre,periodo_indice,fecha,periodo,valor
Hombres,Total Global de Participación,Participación,2014,3,8059,2014-07-01,2014 T3,75.8855998487191
Hombres,Total Global de Participación,Participación,2014,4,8060,2014-10-01,2014 T4,76.87251468671691
Hombres,Total Global de Participación,Participación,2015,1,8061,2015-01-01,2015 T1,76.66970238820028
Hombres,Total Global de Participación,Participación,2015,2,8062,2015-04-01,2015 T2,75.87345879779886
Hombres,Total Global de Participación,Participación,2015,3,8063,2015-07-01,2015 T3,76.2588499282982
Hombres,Total Global de Participación,Participación,2015,4,8064,2015-10-01,2015 T4,76.33251228906207
Hombres,Total Global de Participación,Participación,2016,1,8065,2016-01-01,2016 T1,76.36897470216286
Hombres,Total Global de Participación,Participación,2016,2,8066,2016-04-01,2016 T2,77.15826326312246
Hombres,Total Global de Participación,Participación,2016,3,8067,2016-07-01,2016 T3,76.52439216797954
Hombres,Total Global de Participación,Participación,2016,4,8068,2016-10-01,2016 T4,76.26638020235237
Hombres,Total Global de Participación,Participación,2017,1,8069,2017-01-01,2017 T1,76.3957943903173
Hombres,Total Global de Participación,Participación,2017,2,8070,2017-04-01,2017 T2,76.63068755747685
Hombres,Total Global de Participación,Participación,2017,3,8071,2017-07-01,2017 T3,75.46475761424782
Hombres,Total Global de Participación,Participación,2017,4,8072,2017-10-01,2017 T4,75.91584038227691
Hombres,Total Global de Participación,Participación,2018,1,8073,2018-01-01,2018 T1,76.71333558325477
Hombres,Total Global de Participación,Participación,2018,2,8074,2018-04-01,2018 T2,78.14144788123237
Hombres,Total Global de Participación,Participación,2018,3,8075,2018-07-01,2018 T3,78.02730184906562
Hombres,Total Global de Participación,Participación,2018,4,8076,2018-10-01,2018 T4,78.1984462055357
Hombres,Total Global de Participación,Participación,2019,1,8077,2019-01-01,2019 T1,78.80280169711949
Hombres,Total Global de Participación,Participación,2019,2,8078,2019-04-01,2019 T2,78.48513220328867
Hombres,Total Global de Participación,Participación,2019,3,8079,2019-07-01,2019 T3,77.88727501556069
Hombres,Total Global de Participación,Participación,2019,4,8080,2019-10-01,2019 T4,78.51490848569964
Hombres,Total Global de Participación,Participación,2020,1,8081,2020-01-01,2020 T1,76.33301328683504
Hombres,Total Global de Participación,Participación,2020,2,8082,2020-04-01,2020 T2,70.52540006517667
Hombres,Total Global de Participación,Participación,2020,3,8083,2020-07-01,2020 T3,74.08280415991152
Hombres,Total Global de Participación,Participación,2020,4,8084,2020-10-01,2020 T4,74.8749531502943
Hombres,Total Global de Participación,Participación,2021,1,8085,2021-01-01,2021 T1,75.32788540630845
Hombres,Total Global de Participación,Participación,2021,2,8086,2021-04-01,2021 T2,75.31766542509153
Hombres,Total Global de Participación,Participación,2021,3,8087,2021-07-01,2021 T3,75.76799019312804
Hombres,Total Global de Participación,Participación,2021,4,8088,2021-10-01,2021 T4,76.40579230599838
Hombres,Total Global de Participación,Participación,2022,1,8089,2022-01-01,2022 T1,76.89302585509901
Hombres,Total Global de Participación,Participación,2022,2,8090,2022-04-01,2022 T2,76.95147091008087
Hombres,Total Global de Participación,Participación,2022,3,8091,2022-07-01,2022 T3,76.41741236280868
Hombres,Total Global de Participación,Participación,2022,4,8092,2022-10-01,2022 T4,77.00882204481722
Hombres,Total Global de Participación,Participación,2023,1,8093,2023-01-01,2023 T1,76.52606693075141
Hombres,Total Global de Participación,Participación,2023,2,8094,2023-04-01,2023 T2,76.20608681513855
Hombres,Total Global de Participación,Participación,2023,3,8095,2023-07-01,2023 T3,76.5899826856113
Hombres,Total Global de Participación,Participación,2023,4,8096,2023-10-01,2023 T4,77.55733774626867
Hombres,Total Global de Participación,Participación,2024,1,8097,2024-01-01,2024 T1,77.90639901698097
Hombres,Total Global de Participación,Participación,2024,2,8098,2024-04-01,2024 T2,78.01162627941734
Hombres,Total Global de Participación,Participación,2024,3,8099,2024-07-01,2024 T3,78.52955421154542
Hombres,Total Global de Participación,Participación,2024,4,8100,2024-10-01,2024 T4,78.56187055889511
Hombres,Total Global de Participación,Participación,2025,1,8101,2025-01-01,2025 T1,78.17151783362094
Hombres,Total Global de Participación,Participación,2025,2,8102,2025-04-01,2025 T2,77.85727099744186
Hombres,Total Global de Participación,Participación,2025,3,8103,2025-07-01,2025 T3,78.4229584046556
Hombres,Total Global de Participación,Participación,2025,4,8104,2025-10-01,2025 T4,77.48258874328981
Hombres,Total Global de Participación,Participación,2026,1,8105,2026-01-01,2026 T1,77.36250399661364
Hombres,Tasa de Ocupación,Ocupación,2014,3,8059,2014-07-01,2014 T3,70.91136291182404
Hombres,Tasa de Ocupación,Ocupación,2014,4,8060,2014-10-01,2014 T4,72.45208257941685
Hombres,Tasa de Ocupación,Ocupación,2015,1,8061,2015-01-01,2015 T1,72.6776131660712
Hombres,Tasa de Ocupación,Ocupación,2015,2,8062,2015-04-01,2015 T2,71.58903347055072
Hombres,Tasa de Ocupación,Ocupación,2015,3,8063,2015-07-01,2015 T3,72.12477746726468
Hombres,Tasa de Ocupación,Ocupación,2015,4,8064,2015-10-01,2015 T4,72.81903637629362
Hombres,Tasa de Ocupación,Ocupación,2016,1,8065,2016-01-01,2016 T1,72.16444588123993
Hombres,Tasa de Ocupación,Ocupación,2016,2,8066,2016-04-01,2016 T2,73.32333237110564
Hombres,Tasa de Ocupación,Ocupación,2016,3,8067,2016-07-01,2016 T3,73.03575295399982
Hombres,Tasa de Ocupación,Ocupación,2016,4,8068,2016-10-01,2016 T4,73.13347165170075
Hombres,Tasa de Ocupación,Ocupación,2017,1,8069,2017-01-01,2017 T1,72.86970453154797
Hombres,Tasa de Ocupación,Ocupación,2017,2,8070,2017-04-01,2017 T2,73.70913306318431
Hombres,Tasa de Ocupación,Ocupación,2017,3,8071,2017-07-01,2017 T3,72.6032230972826
Hombres,Tasa de Ocupación,Ocupación,2017,4,8072,2017-10-01,2017 T4,73.19598911314304
Hombres,Tasa de Ocupación,Ocupación,2018,1,8073,2018-01-01,2018 T1,74.17999334368663
Hombres,Tasa de Ocupación,Ocupación,2018,2,8074,2018-04-01,2018 T2,75.44402341704877
Hombres,Tasa de Ocupación,Ocupación,2018,3,8075,2018-07-01,2018 T3,75.16991097959738
Hombres,Tasa de Ocupación,Ocupación,2018,4,8076,2018-10-01,2018 T4,75.46307209951988
Hombres,Tasa de Ocupación,Ocupación,2019,1,8077,2019-01-01,2019 T1,75.89327554020026
Hombres,Tasa de Ocupación,Ocupación,2019,2,8078,2019-04-01,2019 T2,75.17186444777553
Hombres,Tasa de Ocupación,Ocupación,2019,3,8079,2019-07-01,2019 T3,74.71133982375991
Hombres,Tasa de Ocupación,Ocupación,2019,4,8080,2019-10-01,2019 T4,75.56134286960196
Hombres,Tasa de Ocupación,Ocupación,2020,1,8081,2020-01-01,2020 T1,73.63360075393364
Hombres,Tasa de Ocupación,Ocupación,2020,2,8082,2020-04-01,2020 T2,68.84318139833013
Hombres,Tasa de Ocupación,Ocupación,2020,3,8083,2020-07-01,2020 T3,70.55475438664644
Hombres,Tasa de Ocupación,Ocupación,2020,4,8084,2020-10-01,2020 T4,71.17337785842727
Hombres,Tasa de Ocupación,Ocupación,2021,1,8085,2021-01-01,2021 T1,71.88826500127325
Hombres,Tasa de Ocupación,Ocupación,2021,2,8086,2021-04-01,2021 T2,72.24357061776887
Hombres,Tasa de Ocupación,Ocupación,2021,3,8087,2021-07-01,2021 T3,73.10144108175176
Hombres,Tasa de Ocupación,Ocupación,2021,4,8088,2021-10-01,2021 T4,73.69399150014443
Hombres,Tasa de Ocupación,Ocupación,2022,1,8089,2022-01-01,2022 T1,73.75102141391147
Hombres,Tasa de Ocupación,Ocupación,2022,2,8090,2022-04-01,2022 T2,74.6356126582684
Hombres,Tasa de Ocupación,Ocupación,2022,3,8091,2022-07-01,2022 T3,74.36095850324938
Hombres,Tasa de Ocupación,Ocupación,2022,4,8092,2022-10-01,2022 T4,74.80513787505559
Hombres,Tasa de Ocupación,Ocupación,2023,1,8093,2023-01-01,2023 T1,73.89478913716813
Hombres,Tasa de Ocupación,Ocupación,2023,2,8094,2023-04-01,2023 T2,73.5737465820817
Hombres,Tasa de Ocupación,Ocupación,2023,3,8095,2023-07-01,2023 T3,74.12823341550705
Hombres,Tasa de Ocupación,Ocupación,2023,4,8096,2023-10-01,2023 T4,75.23749535746185
Hombres,Tasa de Ocupación,Ocupación,2024,1,8097,2024-01-01,2024 T1,75.35134204687643
Hombres,Tasa de Ocupación,Ocupación,2024,2,8098,2024-04-01,2024 T2,75.62591789196775
Hombres,Tasa de Ocupación,Ocupación,2024,3,8099,2024-07-01,2024 T3,76.20467076797088
Hombres,Tasa de Ocupación,Ocupación,2024,4,8100,2024-10-01,2024 T4,76.34298562688996
Hombres,Tasa de Ocupación,Ocupación,2025,1,8101,2025-01-01,2025 T1,76.00230385151511
Hombres,Tasa de Ocupación,Ocupación,2025,2,8102,2025-04-01,2025 T2,75.66172180564644
Hombres,Tasa de Ocupación,Ocupación,2025,3,8103,2025-07-01,2025 T3,76.12868941134104
Hombres,Tasa de Ocupación,Ocupación,2025,4,8104,2025-10-01,2025 T4,75.13517094249882
Hombres,Tasa de Ocupación,Ocupación,2026,1,8105,2026-01-01,2026 T1,74.84679058238413
Hombres,Ocupación Informal,Ocupación informal,2014,3,8059,2014-07-01,2014 T3,60.76477530571274
Hombres,Ocupación Informal,Ocupación informal,2014,4,8060,2014-10-01,2014 T4,60.810762697432274
Hombres,Ocupación Informal,Ocupación informal,2015,1,8061,2015-01-01,2015 T1,60.09340698837794
Hombres,Ocupación Informal,Ocupación informal,2015,2,8062,2015-04-01,2015 T2,60.502203227134
Hombres,Ocupación Informal,Ocupación informal,2015,3,8063,2015-07-01,2015 T3,60.116545730416824
Hombres,Ocupación Informal,Ocupación informal,2015,4,8064,2015-10-01,2015 T4,60.296719766269014
Hombres,Ocupación Informal,Ocupación informal,2016,1,8065,2016-01-01,2016 T1,59.975379291319506
Hombres,Ocupación Informal,Ocupación informal,2016,2,8066,2016-04-01,2016 T2,59.517963316245414
Hombres,Ocupación Informal,Ocupación informal,2016,3,8067,2016-07-01,2016 T3,60.49842357964989
Hombres,Ocupación Informal,Ocupación informal,2016,4,8068,2016-10-01,2016 T4,60.42590573626821
Hombres,Ocupación Informal,Ocupación informal,2017,1,8069,2017-01-01,2017 T1,62.27760376427752
Hombres,Ocupación Informal,Ocupación informal,2017,2,8070,2017-04-01,2017 T2,61.946706552438414
Hombres,Ocupación Informal,Ocupación informal,2017,3,8071,2017-07-01,2017 T3,61.73823526514347
Hombres,Ocupación Informal,Ocupación informal,2017,4,8072,2017-10-01,2017 T4,61.83664691436732
Hombres,Ocupación Informal,Ocupación informal,2018,1,8073,2018-01-01,2018 T1,60.96146604608796
Hombres,Ocupación Informal,Ocupación informal,2018,2,8074,2018-04-01,2018 T2,60.80790266627456
Hombres,Ocupación Informal,Ocupación informal,2018,3,8075,2018-07-01,2018 T3,61.75622884675851
Hombres,Ocupación Informal,Ocupación informal,2018,4,8076,2018-10-01,2018 T4,59.872606252790646
Hombres,Ocupación Informal,Ocupación informal,2019,1,8077,2019-01-01,2019 T1,58.796023393618256
Hombres,Ocupación Informal,Ocupación informal,2019,2,8078,2019-04-01,2019 T2,58.07235683673473
Hombres,Ocupación Informal,Ocupación informal,2019,3,8079,2019-07-01,2019 T3,58.61043710025234
Hombres,Ocupación Informal,Ocupación informal,2019,4,8080,2019-10-01,2019 T4,58.600074319971284
Hombres,Ocupación Informal,Ocupación informal,2020,1,8081,2020-01-01,2020 T1,57.96532623146678
Hombres,Ocupación Informal,Ocupación informal,2020,2,8082,2020-04-01,2020 T2,57.09819047051256
Hombres,Ocupación Informal,Ocupación informal,2020,3,8083,2020-07-01,2020 T3,60.391993769599935
Hombres,Ocupación Informal,Ocupación informal,2020,4,8084,2020-10-01,2020 T4,61.104120920143544
Hombres,Ocupación Informal,Ocupación informal,2021,1,8085,2021-01-01,2021 T1,61.65520590029331
Hombres,Ocupación Informal,Ocupación informal,2021,2,8086,2021-04-01,2021 T2,61.91309403087186
Hombres,Ocupación Informal,Ocupación informal,2021,3,8087,2021-07-01,2021 T3,63.504805160074554
Hombres,Ocupación Informal,Ocupación informal,2021,4,8088,2021-10-01,2021 T4,61.71559239276518
Hombres,Ocupación Informal,Ocupación informal,2022,1,8089,2022-01-01,2022 T1,62.56292042818949
Hombres,Ocupación Informal,Ocupación informal,2022,2,8090,2022-04-01,2022 T2,60.78132518361342
Hombres,Ocupación Informal,Ocupación informal,2022,3,8091,2022-07-01,2022 T3,61.668688190670764
Hombres,Ocupación Informal,Ocupación informal,2022,4,8092,2022-10-01,2022 T4,59.88584233996283
Hombres,Ocupación Informal,Ocupación informal,2023,1,8093,2023-01-01,2023 T1,60.25460737787096
Hombres,Ocupación Informal,Ocupación informal,2023,2,8094,2023-04-01,2023 T2,59.21058254534481
Hombres,Ocupación Informal,Ocupación informal,2023,3,8095,2023-07-01,2023 T3,61.04212389503392
Hombres,Ocupación Informal,Ocupación informal,2023,4,8096,2023-10-01,2023 T4,60.65489799760147
Hombres,Ocupación Informal,Ocupación informal,2024,1,8097,2024-01-01,2024 T1,60.38500958467271
Hombres,Ocupación Informal,Ocupación informal,2024,2,8098,2024-04-01,2024 T2,60.03624244500282
Hombres,Ocupación Informal,Ocupación informal,2024,3,8099,2024-07-01,2024 T3,59.313811598172904
Hombres,Ocupación Informal,Ocupación informal,2024,4,8100,2024-10-01,2024 T4,59.5160772731052
Hombres,Ocupación Informal,Ocupación informal,2025,1,8101,2025-01-01,2025 T1,57.83449245621248
Hombres,Ocupación Informal,Ocupación informal,2025,2,8102,2025-04-01,2025 T2,57.931467015634574
Hombres,Ocupación Informal,Ocupación informal,2025,3,8103,2025-07-01,2025 T3,59.7339958717596
Hombres,Ocupación Informal,Ocupación informal,2025,4,8104,2025-10-01,2025 T4,59.52414419008297
Hombres,Ocupación Informal,Ocupación informal,2026,1,8105,2026-01-01,2026 T1,58.19146808049405
Hombres,SU1: Tasa de Desocupación 4/,Desocupación abierta,2014,3,8059,2014-07-01,2014 T3,6.554915487010998
Hombres,SU1: Tasa de Desocupación 4/,Desocupación abierta,2014,4,8060,2014-10-01,2014 T4,5.750341491123043
Hombres,SU1: Tasa de Desocupación 4/,Desocupación abierta,2015,1,8061,2015-01-01,2015 T1,5.206866725418951
Hombres,SU1: Tasa de Desocupación 4/,Desocupación abierta,2015,2,8062,2015-04-01,2015 T2,5.646803763969865
Hombres,SU1: Tasa de Desocupación 4/,Desocupación abierta,2015,3,8063,2015-07-01,2015 T3,5.421105176540797
Hombres,SU1: Tasa de Desocupación 4/,Desocupación abierta,2015,4,8064,2015-10-01,2015 T4,4.6028563811226135
Hombres,SU1: Tasa de Desocupación 4/,Desocupación abierta,2016,1,8065,2016-01-01,2016 T1,5.5055457236664305
Hombres,SU1: Tasa de Desocupación 4/,Desocupación abierta,2016,2,8066,2016-04-01,2016 T2,4.970214115549514
Hombres,SU1: Tasa de Desocupación 4/,Desocupación abierta,2016,3,8067,2016-07-01,2016 T3,4.558859097269038
Hombres,SU1: Tasa de Desocupación 4/,Desocupación abierta,2016,4,8068,2016-10-01,2016 T4,4.107850067538673
Hombres,SU1: Tasa de Desocupación 4/,Desocupación abierta,2017,1,8069,2017-01-01,2017 T1,4.615554935856818
Hombres,SU1: Tasa de Desocupación 4/,Desocupación abierta,2017,2,8070,2017-04-01,2017 T2,3.8125124377897426
Hombres,SU1: Tasa de Desocupación 4/,Desocupación abierta,2017,3,8071,2017-07-01,2017 T3,3.7918819425518064
Hombres,SU1: Tasa de Desocupación 4/,Desocupación abierta,2017,4,8072,2017-10-01,2017 T4,3.5827190418206394
Hombres,SU1: Tasa de Desocupación 4/,Desocupación abierta,2018,1,8073,2018-01-01,2018 T1,3.302349220388942
Hombres,SU1: Tasa de Desocupación 4/,Desocupación abierta,2018,2,8074,2018-04-01,2018 T2,3.45197655958915
Hombres,SU1: Tasa de Desocupación 4/,Desocupación abierta,2018,3,8075,2018-07-01,2018 T3,3.6620398267717174
Hombres,SU1: Tasa de Desocupación 4/,Desocupación abierta,2018,4,8076,2018-10-01,2018 T4,3.497990354982646
Hombres,SU1: Tasa de Desocupación 4/,Desocupación abierta,2019,1,8077,2019-01-01,2019 T1,3.6921608042592986
Hombres,SU1: Tasa de Desocupación 4/,Desocupación abierta,2019,2,8078,2019-04-01,2019 T2,4.2215228062956776
Hombres,SU1: Tasa de Desocupación 4/,Desocupación abierta,2019,3,8079,2019-07-01,2019 T3,4.077604706502031
Hombres,SU1: Tasa de Desocupación 4/,Desocupación abierta,2019,4,8080,2019-10-01,2019 T4,3.7617895417094025
Hombres,SU1: Tasa de Desocupación 4/,Desocupación abierta,2020,1,8081,2020-01-01,2020 T1,3.5363631234600215
Hombres,SU1: Tasa de Desocupación 4/,Desocupación abierta,2020,2,8082,2020-04-01,2020 T2,2.3852663937985943
Hombres,SU1: Tasa de Desocupación 4/,Desocupación abierta,2020,3,8083,2020-07-01,2020 T3,4.762305926824426
Hombres,SU1: Tasa de Desocupación 4/,Desocupación abierta,2020,4,8084,2020-10-01,2020 T4,4.943676271071344
Hombres,SU1: Tasa de Desocupación 4/,Desocupación abierta,2021,1,8085,2021-01-01,2021 T1,4.5661980108459055
Hombres,SU1: Tasa de Desocupación 4/,Desocupación abierta,2021,2,8086,2021-04-01,2021 T2,4.081505699854928
Hombres,SU1: Tasa de Desocupación 4/,Desocupación abierta,2021,3,8087,2021-07-01,2021 T3,3.51936101852433
Hombres,SU1: Tasa de Desocupación 4/,Desocupación abierta,2021,4,8088,2021-10-01,2021 T4,3.549208409479553
Hombres,SU1: Tasa de Desocupación 4/,Desocupación abierta,2022,1,8089,2022-01-01,2022 T1,4.086202105128017
Hombres,SU1: Tasa de Desocupación 4/,Desocupación abierta,2022,2,8090,2022-04-01,2022 T2,3.0095048534139908
Hombres,SU1: Tasa de Desocupación 4/,Desocupación abierta,2022,3,8091,2022-07-01,2022 T3,2.691080207997242
Hombres,SU1: Tasa de Desocupación 4/,Desocupación abierta,2022,4,8092,2022-10-01,2022 T4,2.8615996339732868
Hombres,SU1: Tasa de Desocupación 4/,Desocupación abierta,2023,1,8093,2023-01-01,2023 T1,3.4384071978563657
Hombres,SU1: Tasa de Desocupación 4/,Desocupación abierta,2023,2,8094,2023-04-01,2023 T2,3.4542388187996225
Hombres,SU1: Tasa de Desocupación 4/,Desocupación abierta,2023,3,8095,2023-07-01,2023 T3,3.2141922269512473
Hombres,SU1: Tasa de Desocupación 4/,Desocupación abierta,2023,4,8096,2023-10-01,2023 T4,2.9911320530318046
Hombres,SU1: Tasa de Desocupación 4/,Desocupación abierta,2024,1,8097,2024-01-01,2024 T1,3.2796496851915458
Hombres,SU1: Tasa de Desocupación 4/,Desocupación abierta,2024,2,8098,2024-04-01,2024 T2,3.058144665392153
Hombres,SU1: Tasa de Desocupación 4/,Desocupación abierta,2024,3,8099,2024-07-01,2024 T3,2.960520363214436
Hombres,SU1: Tasa de Desocupación 4/,Desocupación abierta,2024,4,8100,2024-10-01,2024 T4,2.824378946453123
Hombres,SU1: Tasa de Desocupación 4/,Desocupación abierta,2025,1,8101,2025-01-01,2025 T1,2.7749416184072855
Hombres,SU1: Tasa de Desocupación 4/,Desocupación abierta,2025,2,8102,2025-04-01,2025 T2,2.8199667977927754
Hombres,SU1: Tasa de Desocupación 4/,Desocupación abierta,2025,3,8103,2025-07-01,2025 T3,2.9255068158438116
Hombres,SU1: Tasa de Desocupación 4/,Desocupación abierta,2025,4,8104,2025-10-01,2025 T4,3.029606830210908
Hombres,SU1: Tasa de Desocupación 4/,Desocupación abierta,2026,1,8105,2026-01-01,2026 T1,3.2518510703063574
Mujeres,Total Global de Participación,Participación,2014,3,8059,2014-07-01,2014 T3,48.153068219847455
Mujeres,Total Global de Participación,Participación,2014,4,8060,2014-10-01,2014 T4,47.841313956586006
Mujeres,Total Global de Participación,Participación,2015,1,8061,2015-01-01,2015 T1,48.40154518639175
Mujeres,Total Global de Participación,Participación,2015,2,8062,2015-04-01,2015 T2,47.884693496130815
Mujeres,Total Global de Participación,Participación,2015,3,8063,2015-07-01,2015 T3,48.336645099786466
Mujeres,Total Global de Participación,Participación,2015,4,8064,2015-10-01,2015 T4,47.945460769300766
Mujeres,Total Global de Participación,Participación,2016,1,8065,2016-01-01,2016 T1,47.974526208076014
Mujeres,Total Global de Participación,Participación,2016,2,8066,2016-04-01,2016 T2,49.024426920644245
Mujeres,Total Global de Participación,Participación,2016,3,8067,2016-07-01,2016 T3,49.46408944280268
Mujeres,Total Global de Participación,Participación,2016,4,8068,2016-10-01,2016 T4,49.206478477287064
Mujeres,Total Global de Participación,Participación,2017,1,8069,2017-01-01,2017 T1,48.33869587111661
Mujeres,Total Global de Participación,Participación,2017,2,8070,2017-04-01,2017 T2,49.416783247377715
Mujeres,Total Global de Participación,Participación,2017,3,8071,2017-07-01,2017 T3,49.383505296103344
Mujeres,Total Global de Participación,Participación,2017,4,8072,2017-10-01,2017 T4,49.05674320467988
Mujeres,Total Global de Participación,Participación,2018,1,8073,2018-01-01,2018 T1,49.8546301468666
Mujeres,Total Global de Participación,Participación,2018,2,8074,2018-04-01,2018 T2,50.144086972437265
Mujeres,Total Global de Participación,Participación,2018,3,8075,2018-07-01,2018 T3,49.999903057363994
Mujeres,Total Global de Participación,Participación,2018,4,8076,2018-10-01,2018 T4,51.482714448356646
Mujeres,Total Global de Participación,Participación,2019,1,8077,2019-01-01,2019 T1,51.93531535494763
Mujeres,Total Global de Participación,Participación,2019,2,8078,2019-04-01,2019 T2,52.710659919045845
Mujeres,Total Global de Participación,Participación,2019,3,8079,2019-07-01,2019 T3,52.725167414166194
Mujeres,Total Global de Participación,Participación,2019,4,8080,2019-10-01,2019 T4,53.188010830001446
Mujeres,Total Global de Participación,Participación,2020,1,8081,2020-01-01,2020 T1,51.48426273702681
Mujeres,Total Global de Participación,Participación,2020,2,8082,2020-04-01,2020 T2,43.90735579276493
Mujeres,Total Global de Participación,Participación,2020,3,8083,2020-07-01,2020 T3,46.37379873087177
Mujeres,Total Global de Participación,Participación,2020,4,8084,2020-10-01,2020 T4,48.49316619248946
Mujeres,Total Global de Participación,Participación,2021,1,8085,2021-01-01,2021 T1,49.24188982901795
Mujeres,Total Global de Participación,Participación,2021,2,8086,2021-04-01,2021 T2,51.14079137052179
Mujeres,Total Global de Participación,Participación,2021,3,8087,2021-07-01,2021 T3,51.49299508573277
Mujeres,Total Global de Participación,Participación,2021,4,8088,2021-10-01,2021 T4,52.96461295514805
Mujeres,Total Global de Participación,Participación,2022,1,8089,2022-01-01,2022 T1,51.348325508515515
Mujeres,Total Global de Participación,Participación,2022,2,8090,2022-04-01,2022 T2,50.655185935998695
Mujeres,Total Global de Participación,Participación,2022,3,8091,2022-07-01,2022 T3,49.24971883518657
Mujeres,Total Global de Participación,Participación,2022,4,8092,2022-10-01,2022 T4,51.536795474330944
Mujeres,Total Global de Participación,Participación,2023,1,8093,2023-01-01,2023 T1,51.98285432729324
Mujeres,Total Global de Participación,Participación,2023,2,8094,2023-04-01,2023 T2,52.17507739782139
Mujeres,Total Global de Participación,Participación,2023,3,8095,2023-07-01,2023 T3,52.84021906340322
Mujeres,Total Global de Participación,Participación,2023,4,8096,2023-10-01,2023 T4,53.33868141623995
Mujeres,Total Global de Participación,Participación,2024,1,8097,2024-01-01,2024 T1,53.158487534777635
Mujeres,Total Global de Participación,Participación,2024,2,8098,2024-04-01,2024 T2,53.86108536721683
Mujeres,Total Global de Participación,Participación,2024,3,8099,2024-07-01,2024 T3,53.729995765130354
Mujeres,Total Global de Participación,Participación,2024,4,8100,2024-10-01,2024 T4,53.36886571859176
Mujeres,Total Global de Participación,Participación,2025,1,8101,2025-01-01,2025 T1,54.74643533746052
Mujeres,Total Global de Participación,Participación,2025,2,8102,2025-04-01,2025 T2,55.07135413799117
Mujeres,Total Global de Participación,Participación,2025,3,8103,2025-07-01,2025 T3,55.90261165673189
Mujeres,Total Global de Participación,Participación,2025,4,8104,2025-10-01,2025 T4,55.97405040038051
Mujeres,Total Global de Participación,Participación,2026,1,8105,2026-01-01,2026 T1,56.3724609254882
Mujeres,Tasa de Ocupación,Ocupación,2014,3,8059,2014-07-01,2014 T3,42.26134092890878
Mujeres,Tasa de Ocupación,Ocupación,2014,4,8060,2014-10-01,2014 T4,42.678908075769066
Mujeres,Tasa de Ocupación,Ocupación,2015,1,8061,2015-01-01,2015 T1,43.12970169639861
Mujeres,Tasa de Ocupación,Ocupación,2015,2,8062,2015-04-01,2015 T2,42.95248906117331
Mujeres,Tasa de Ocupación,Ocupación,2015,3,8063,2015-07-01,2015 T3,42.66807217715355
Mujeres,Tasa de Ocupación,Ocupación,2015,4,8064,2015-10-01,2015 T4,43.61195819938911
Mujeres,Tasa de Ocupación,Ocupación,2016,1,8065,2016-01-01,2016 T1,42.82562184035069
Mujeres,Tasa de Ocupación,Ocupación,2016,2,8066,2016-04-01,2016 T2,43.65021284285066
Mujeres,Tasa de Ocupación,Ocupación,2016,3,8067,2016-07-01,2016 T3,44.28916256823903
Mujeres,Tasa de Ocupación,Ocupación,2016,4,8068,2016-10-01,2016 T4,44.456343973875896
Mujeres,Tasa de Ocupación,Ocupación,2017,1,8069,2017-01-01,2017 T1,44.56740108383997
Mujeres,Tasa de Ocupación,Ocupación,2017,2,8070,2017-04-01,2017 T2,45.64173904632736
Mujeres,Tasa de Ocupación,Ocupación,2017,3,8071,2017-07-01,2017 T3,45.257930619010835
Mujeres,Tasa de Ocupación,Ocupación,2017,4,8072,2017-10-01,2017 T4,45.46839786081925
Mujeres,Tasa de Ocupación,Ocupación,2018,1,8073,2018-01-01,2018 T1,45.758433538548466
Mujeres,Tasa de Ocupación,Ocupación,2018,2,8074,2018-04-01,2018 T2,45.47787921149155
Mujeres,Tasa de Ocupación,Ocupación,2018,3,8075,2018-07-01,2018 T3,45.72660201521014
Mujeres,Tasa de Ocupación,Ocupación,2018,4,8076,2018-10-01,2018 T4,46.764741898248005
Mujeres,Tasa de Ocupación,Ocupación,2019,1,8077,2019-01-01,2019 T1,47.32925241349846
Mujeres,Tasa de Ocupación,Ocupación,2019,2,8078,2019-04-01,2019 T2,47.6878192806866
Mujeres,Tasa de Ocupación,Ocupación,2019,3,8079,2019-07-01,2019 T3,47.499671809349486
Mujeres,Tasa de Ocupación,Ocupación,2019,4,8080,2019-10-01,2019 T4,48.56133985268845
Mujeres,Tasa de Ocupación,Ocupación,2020,1,8081,2020-01-01,2020 T1,47.051790614504235
Mujeres,Tasa de Ocupación,Ocupación,2020,2,8082,2020-04-01,2020 T2,42.004067842099104
Mujeres,Tasa de Ocupación,Ocupación,2020,3,8083,2020-07-01,2020 T3,41.483613118127266
Mujeres,Tasa de Ocupación,Ocupación,2020,4,8084,2020-10-01,2020 T4,43.265075739664944
Mujeres,Tasa de Ocupación,Ocupación,2021,1,8085,2021-01-01,2021 T1,42.91138666180675
Mujeres,Tasa de Ocupación,Ocupación,2021,2,8086,2021-04-01,2021 T2,44.76406652943627
Mujeres,Tasa de Ocupación,Ocupación,2021,3,8087,2021-07-01,2021 T3,45.70506108909276
Mujeres,Tasa de Ocupación,Ocupación,2021,4,8088,2021-10-01,2021 T4,46.72346136038054
Mujeres,Tasa de Ocupación,Ocupación,2022,1,8089,2022-01-01,2022 T1,46.42344906359921
Mujeres,Tasa de Ocupación,Ocupación,2022,2,8090,2022-04-01,2022 T2,46.5381124583084
Mujeres,Tasa de Ocupación,Ocupación,2022,3,8091,2022-07-01,2022 T3,45.43988231028871
Mujeres,Tasa de Ocupación,Ocupación,2022,4,8092,2022-10-01,2022 T4,47.739083454512254
Mujeres,Tasa de Ocupación,Ocupación,2023,1,8093,2023-01-01,2023 T1,48.0126590805286
Mujeres,Tasa de Ocupación,Ocupación,2023,2,8094,2023-04-01,2023 T2,47.69266615216316
Mujeres,Tasa de Ocupación,Ocupación,2023,3,8095,2023-07-01,2023 T3,48.528362605414976
Mujeres,Tasa de Ocupación,Ocupación,2023,4,8096,2023-10-01,2023 T4,49.25468554764978
Mujeres,Tasa de Ocupación,Ocupación,2024,1,8097,2024-01-01,2024 T1,49.10885282259572
Mujeres,Tasa de Ocupación,Ocupación,2024,2,8098,2024-04-01,2024 T2,49.39062725232527
Mujeres,Tasa de Ocupación,Ocupación,2024,3,8099,2024-07-01,2024 T3,49.266757342092994
Mujeres,Tasa de Ocupación,Ocupación,2024,4,8100,2024-10-01,2024 T4,49.37473574848996
Mujeres,Tasa de Ocupación,Ocupación,2025,1,8101,2025-01-01,2025 T1,50.567818473174064
Mujeres,Tasa de Ocupación,Ocupación,2025,2,8102,2025-04-01,2025 T2,50.794205657369126
Mujeres,Tasa de Ocupación,Ocupación,2025,3,8103,2025-07-01,2025 T3,51.26338653827093
Mujeres,Tasa de Ocupación,Ocupación,2025,4,8104,2025-10-01,2025 T4,51.77791855580598
Mujeres,Tasa de Ocupación,Ocupación,2026,1,8105,2026-01-01,2026 T1,52.40366218543491
Mujeres,Ocupación Informal,Ocupación informal,2014,3,8059,2014-07-01,2014 T3,52.57681590143866
Mujeres,Ocupación Informal,Ocupación informal,2014,4,8060,2014-10-01,2014 T4,53.123239961227476
Mujeres,Ocupación Informal,Ocupación informal,2015,1,8061,2015-01-01,2015 T1,52.38815356924741
Mujeres,Ocupación Informal,Ocupación informal,2015,2,8062,2015-04-01,2015 T2,53.0695049403022
Mujeres,Ocupación Informal,Ocupación informal,2015,3,8063,2015-07-01,2015 T3,52.63857970676602
Mujeres,Ocupación Informal,Ocupación informal,2015,4,8064,2015-10-01,2015 T4,54.00248243032697
Mujeres,Ocupación Informal,Ocupación informal,2016,1,8065,2016-01-01,2016 T1,53.424117243599426
Mujeres,Ocupación Informal,Ocupación informal,2016,2,8066,2016-04-01,2016 T2,54.01458615318183
Mujeres,Ocupación Informal,Ocupación informal,2016,3,8067,2016-07-01,2016 T3,54.04434435064448
Mujeres,Ocupación Informal,Ocupación informal,2016,4,8068,2016-10-01,2016 T4,54.07370085909741
Mujeres,Ocupación Informal,Ocupación informal,2017,1,8069,2017-01-01,2017 T1,53.60213706878739
Mujeres,Ocupación Informal,Ocupación informal,2017,2,8070,2017-04-01,2017 T2,53.4145683744945
Mujeres,Ocupación Informal,Ocupación informal,2017,3,8071,2017-07-01,2017 T3,52.589443862161914
Mujeres,Ocupación Informal,Ocupación informal,2017,4,8072,2017-10-01,2017 T4,53.923092283231135
Mujeres,Ocupación Informal,Ocupación informal,2018,1,8073,2018-01-01,2018 T1,52.97829083857902
Mujeres,Ocupación Informal,Ocupación informal,2018,2,8074,2018-04-01,2018 T2,53.47335813578296
Mujeres,Ocupación Informal,Ocupación informal,2018,3,8075,2018-07-01,2018 T3,52.72146194629149
Mujeres,Ocupación Informal,Ocupación informal,2018,4,8076,2018-10-01,2018 T4,51.36973802905397
Mujeres,Ocupación Informal,Ocupación informal,2019,1,8077,2019-01-01,2019 T1,50.71611985202165
Mujeres,Ocupación Informal,Ocupación informal,2019,2,8078,2019-04-01,2019 T2,51.550425223855726
Mujeres,Ocupación Informal,Ocupación informal,2019,3,8079,2019-07-01,2019 T3,50.26766317317757
Mujeres,Ocupación Informal,Ocupación informal,2019,4,8080,2019-10-01,2019 T4,49.25028596860696
Mujeres,Ocupación Informal,Ocupación informal,2020,1,8081,2020-01-01,2020 T1,50.631128870709844
Mujeres,Ocupación Informal,Ocupación informal,2020,2,8082,2020-04-01,2020 T2,48.49738350803579
Mujeres,Ocupación Informal,Ocupación informal,2020,3,8083,2020-07-01,2020 T3,50.24202339656294
Mujeres,Ocupación Informal,Ocupación informal,2020,4,8084,2020-10-01,2020 T4,50.410881044535735
Mujeres,Ocupación Informal,Ocupación informal,2021,1,8085,2021-01-01,2021 T1,51.528790458178996
Mujeres,Ocupación Informal,Ocupación informal,2021,2,8086,2021-04-01,2021 T2,51.60325532024193
Mujeres,Ocupación Informal,Ocupación informal,2021,3,8087,2021-07-01,2021 T3,52.19600675806998
Mujeres,Ocupación Informal,Ocupación informal,2021,4,8088,2021-10-01,2021 T4,52.997660843353714
Mujeres,Ocupación Informal,Ocupación informal,2022,1,8089,2022-01-01,2022 T1,51.64332244059673
Mujeres,Ocupación Informal,Ocupación informal,2022,2,8090,2022-04-01,2022 T2,53.65379605420132
Mujeres,Ocupación Informal,Ocupación informal,2022,3,8091,2022-07-01,2022 T3,52.92709235917287
Mujeres,Ocupación Informal,Ocupación informal,2022,4,8092,2022-10-01,2022 T4,51.0131571066513
Mujeres,Ocupación Informal,Ocupación informal,2023,1,8093,2023-01-01,2023 T1,51.72693642597229
Mujeres,Ocupación Informal,Ocupación informal,2023,2,8094,2023-04-01,2023 T2,51.4309520152189
Mujeres,Ocupación Informal,Ocupación informal,2023,3,8095,2023-07-01,2023 T3,50.62871141801494
Mujeres,Ocupación Informal,Ocupación informal,2023,4,8096,2023-10-01,2023 T4,51.30992317182106
Mujeres,Ocupación Informal,Ocupación informal,2024,1,8097,2024-01-01,2024 T1,48.95378290361388
Mujeres,Ocupación Informal,Ocupación informal,2024,2,8098,2024-04-01,2024 T2,50.758695646193075
Mujeres,Ocupación Informal,Ocupación informal,2024,3,8099,2024-07-01,2024 T3,49.703858603226486
Mujeres,Ocupación Informal,Ocupación informal,2024,4,8100,2024-10-01,2024 T4,48.154424871815294
Mujeres,Ocupación Informal,Ocupación informal,2025,1,8101,2025-01-01,2025 T1,47.328145777191494
Mujeres,Ocupación Informal,Ocupación informal,2025,2,8102,2025-04-01,2025 T2,48.45330196900855
Mujeres,Ocupación Informal,Ocupación informal,2025,3,8103,2025-07-01,2025 T3,47.76789419538996
Mujeres,Ocupación Informal,Ocupación informal,2025,4,8104,2025-10-01,2025 T4,47.2450728180128
Mujeres,Ocupación Informal,Ocupación informal,2026,1,8105,2026-01-01,2026 T1,48.87376180042175
Mujeres,SU1: Tasa de Desocupación 4/,Desocupación abierta,2014,3,8059,2014-07-01,2014 T3,12.235414084185514
Mujeres,SU1: Tasa de Desocupación 4/,Desocupación abierta,2014,4,8060,2014-10-01,2014 T4,10.79068581916789
Mujeres,SU1: Tasa de Desocupación 4/,Desocupación abierta,2015,1,8061,2015-01-01,2015 T1,10.891890888382582
Mujeres,SU1: Tasa de Desocupación 4/,Desocupación abierta,2015,2,8062,2015-04-01,2015 T2,10.30016916649155
Mujeres,SU1: Tasa de Desocupación 4/,Desocupación abierta,2015,3,8063,2015-07-01,2015 T3,11.727278363921616
Mujeres,SU1: Tasa de Desocupación 4/,Desocupación abierta,2015,4,8064,2015-10-01,2015 T4,9.038400091226901
Mujeres,SU1: Tasa de Desocupación 4/,Desocupación abierta,2016,1,8065,2016-01-01,2016 T1,10.732579922505835
Mujeres,SU1: Tasa de Desocupación 4/,Desocupación abierta,2016,2,8066,2016-04-01,2016 T2,10.96231902209249
Mujeres,SU1: Tasa de Desocupación 4/,Desocupación abierta,2016,3,8067,2016-07-01,2016 T3,10.461987540572927
Mujeres,SU1: Tasa de Desocupación 4/,Desocupación abierta,2016,4,8068,2016-10-01,2016 T4,9.653473791268677
Mujeres,SU1: Tasa de Desocupación 4/,Desocupación abierta,2017,1,8069,2017-01-01,2017 T1,7.801813266398231
Mujeres,SU1: Tasa de Desocupación 4/,Desocupación abierta,2017,2,8070,2017-04-01,2017 T2,7.639194526589622
Mujeres,SU1: Tasa de Desocupación 4/,Desocupación abierta,2017,3,8071,2017-07-01,2017 T3,8.354155202948087
Mujeres,SU1: Tasa de Desocupación 4/,Desocupación abierta,2017,4,8072,2017-10-01,2017 T4,7.314683180024857
Mujeres,SU1: Tasa de Desocupación 4/,Desocupación abierta,2018,1,8073,2018-01-01,2018 T1,8.216281208487617
Mujeres,SU1: Tasa de Desocupación 4/,Desocupación abierta,2018,2,8074,2018-04-01,2018 T2,9.30559920955505
Mujeres,SU1: Tasa de Desocupación 4/,Desocupación abierta,2018,3,8075,2018-07-01,2018 T3,8.546618654942893
Mujeres,SU1: Tasa de Desocupación 4/,Desocupación abierta,2018,4,8076,2018-10-01,2018 T4,9.164187632028165
Mujeres,SU1: Tasa de Desocupación 4/,Desocupación abierta,2019,1,8077,2019-01-01,2019 T1,8.868845620690735
Mujeres,SU1: Tasa de Desocupación 4/,Desocupación abierta,2019,2,8078,2019-04-01,2019 T2,9.529079404571132
Mujeres,SU1: Tasa de Desocupación 4/,Desocupación abierta,2019,3,8079,2019-07-01,2019 T3,9.910818421436948
Mujeres,SU1: Tasa de Desocupación 4/,Desocupación abierta,2019,4,8080,2019-10-01,2019 T4,8.698710301651529
Mujeres,SU1: Tasa de Desocupación 4/,Desocupación abierta,2020,1,8081,2020-01-01,2020 T1,8.609372819735201
Mujeres,SU1: Tasa de Desocupación 4/,Desocupación abierta,2020,2,8082,2020-04-01,2020 T2,4.334781533301714
Mujeres,SU1: Tasa de Desocupación 4/,Desocupación abierta,2020,3,8083,2020-07-01,2020 T3,10.545147791589534
Mujeres,SU1: Tasa de Desocupación 4/,Desocupación abierta,2020,4,8084,2020-10-01,2020 T4,10.781087034144585
Mujeres,SU1: Tasa de Desocupación 4/,Desocupación abierta,2021,1,8085,2021-01-01,2021 T1,12.855930568856122
Mujeres,SU1: Tasa de Desocupación 4/,Desocupación abierta,2021,2,8086,2021-04-01,2021 T2,12.468960041868389
Mujeres,SU1: Tasa de Desocupación 4/,Desocupación abierta,2021,3,8087,2021-07-01,2021 T3,11.240235661187402
Mujeres,SU1: Tasa de Desocupación 4/,Desocupación abierta,2021,4,8088,2021-10-01,2021 T4,11.783625418074134
Mujeres,SU1: Tasa de Desocupación 4/,Desocupación abierta,2022,1,8089,2022-01-01,2022 T1,9.591114016170705
Mujeres,SU1: Tasa de Desocupación 4/,Desocupación abierta,2022,2,8090,2022-04-01,2022 T2,8.12764458685839
Mujeres,SU1: Tasa de Desocupación 4/,Desocupación abierta,2022,3,8091,2022-07-01,2022 T3,7.735752842868858
Mujeres,SU1: Tasa de Desocupación 4/,Desocupación abierta,2022,4,8092,2022-10-01,2022 T4,7.368933176511133
Mujeres,SU1: Tasa de Desocupación 4/,Desocupación abierta,2023,1,8093,2023-01-01,2023 T1,7.637509132852751
Mujeres,SU1: Tasa de Desocupación 4/,Desocupación abierta,2023,2,8094,2023-04-01,2023 T2,8.591096495134895
Mujeres,SU1: Tasa de Desocupación 4/,Desocupación abierta,2023,3,8095,2023-07-01,2023 T3,8.160178997014604
Mujeres,SU1: Tasa de Desocupación 4/,Desocupación abierta,2023,4,8096,2023-10-01,2023 T4,7.6567244636588745
Mujeres,SU1: Tasa de Desocupación 4/,Desocupación abierta,2024,1,8097,2024-01-01,2024 T1,7.618039752415097
Mujeres,SU1: Tasa de Desocupación 4/,Desocupación abierta,2024,2,8098,2024-04-01,2024 T2,8.299977775071893
Mujeres,SU1: Tasa de Desocupación 4/,Desocupación abierta,2024,3,8099,2024-07-01,2024 T3,8.306790945131858
Mujeres,SU1: Tasa de Desocupación 4/,Desocupación abierta,2024,4,8100,2024-10-01,2024 T4,7.484007606911604
Mujeres,SU1: Tasa de Desocupación 4/,Desocupación abierta,2025,1,8101,2025-01-01,2025 T1,7.632673869137095
Mujeres,SU1: Tasa de Desocupación 4/,Desocupación abierta,2025,2,8102,2025-04-01,2025 T2,7.766557673350266
Mujeres,SU1: Tasa de Desocupación 4/,Desocupación abierta,2025,3,8103,2025-07-01,2025 T3,8.298762760759656
Mujeres,SU1: Tasa de Desocupación 4/,Desocupación abierta,2025,4,8104,2025-10-01,2025 T4,7.496566381313801
Mujeres,SU1: Tasa de Desocupación 4/,Desocupación abierta,2026,1,8105,2026-01-01,2026 T1,7.040314853912714
