mes,anio,privada,publica_central,publica_descentral,total,mes_numero,fecha,total_componentes
Junio,2003,350596,176047,35511,562154,6,2003-06-01,562154
Julio,2003,358110,177775,37644,573529,7,2003-07-01,573529
Agosto,2003,356848,177940,34849,569637,8,2003-08-01,569637
Septiembre,2003,356027,175873,39602,571502,9,2003-09-01,571502
Octubre,2003,357475,130002,33195,520672,10,2003-10-01,520672
Noviembre,2003,359161,175903,32815,567879,11,2003-11-01,567879
Diciembre,2003,360846,175515,36104,572465,12,2003-12-01,572465
Enero,2004,362138,180882,37290,580310,1,2004-01-01,580310
Febrero,2004,364751,180744,36921,582416,2,2004-02-01,582416
Marzo,2004,367182,175299,37276,579757,3,2004-03-01,579757
Abril,2004,367633,187381,36907,591921,4,2004-04-01,591921
Mayo,2004,368528,177143,36970,582641,5,2004-05-01,582641
Junio,2004,372425,199730,38599,610754,6,2004-06-01,610754
Julio,2004,372114,188828,38234,599176,7,2004-07-01,599176
Agosto,2004,371358,187160,33357,591875,8,2004-08-01,591875
Septiembre,2004,370834,161264,29918,562016,9,2004-09-01,562016
Octubre,2004,370077,155689,31363,557129,10,2004-10-01,557129
Noviembre,2004,372498,127410,31795,531703,11,2004-11-01,531703
Diciembre,2004,371212,122793,31934,525939,12,2004-12-01,525939
Enero,2005,383192,175268,31395,589855,1,2005-01-01,589855
Febrero,2005,384794,118365,32000,535159,2,2005-02-01,535159
Marzo,2005,379823,182135,32727,594685,3,2005-03-01,594685
Abril,2005,381579,103019,32941,517539,4,2005-04-01,517539
Mayo,2005,378738,107121,33003,518862,5,2005-05-01,518862
Junio,2005,373425,187435,33616,594476,6,2005-06-01,594476
Julio,2005,567101,179432,57701,804234,7,2005-07-01,804234
Agosto,2005,620611,184418,61605,866634,8,2005-08-01,866634
Septiembre,2005,623805,103905,61855,789565,9,2005-09-01,789565
Octubre,2005,621572,181482,60739,863793,10,2005-10-01,863793
Noviembre,2005,628650,180831,61169,870650,11,2005-11-01,870650
Diciembre,2005,631408,179132,61785,872325,12,2005-12-01,872325
Enero,2006,632532,180491,68550,881573,1,2006-01-01,881573
Febrero,2006,638133,180335,69618,888086,2,2006-02-01,888086
Marzo,2006,643879,178793,70718,893390,3,2006-03-01,893390
Abril,2006,643852,183788,71168,898808,4,2006-04-01,898808
Mayo,2006,646601,181799,72574,900974,5,2006-05-01,900974
Junio,2006,648297,181730,72578,902605,6,2006-06-01,902605
Julio,2006,650427,180819,73174,904420,7,2006-07-01,904420
Agosto,2006,650928,179110,72032,902070,8,2006-08-01,902070
Septiembre,2006,655441,170933,79602,905976,9,2006-09-01,905976
Octubre,2006,658968,173380,78575,910923,10,2006-10-01,910923
Noviembre,2006,666140,173757,77736,917633,11,2006-11-01,917633
Diciembre,2006,665362,173996,76910,916268,12,2006-12-01,916268
Enero,2007,682417,172883,76684,931984,1,2007-01-01,931984
Febrero,2007,688553,173312,76234,938099,2,2007-02-01,938099
Marzo,2007,700350,175556,76405,952311,3,2007-03-01,952311
Abril,2007,704007,176120,76094,956221,4,2007-04-01,956221
Mayo,2007,704789,176655,76344,957788,5,2007-05-01,957788
Junio,2007,701684,176779,76680,955143,6,2007-06-01,955143
Julio,2007,700597,177370,76660,954627,7,2007-07-01,954627
Agosto,2007,714466,177504,88130,980100,8,2007-08-01,980100
Septiembre,2007,729397,178107,92032,999536,9,2007-09-01,999536
Octubre,2007,742345,179873,92272,1014490,10,2007-10-01,1014490
Noviembre,2007,751183,183471,94303,1028957,11,2007-11-01,1028957
Diciembre,2007,751793,184148,97047,1032988,12,2007-12-01,1032988
Enero,2008,758631,185067,96673,1040371,1,2008-01-01,1040371
Febrero,2008,766757,184697,97701,1049155,2,2008-02-01,1049155
Marzo,2008,770639,184290,98103,1053032,3,2008-03-01,1053032
Abril,2008,778583,185678,100471,1064732,4,2008-04-01,1064732
Mayo,2008,779332,196947,91464,1067743,5,2008-05-01,1067743
Junio,2008,780786,197704,91481,1069971,6,2008-06-01,1069971
Julio,2008,780718,197269,89327,1067314,7,2008-07-01,1067314
Agosto,2008,779567,196966,89355,1065888,8,2008-08-01,1065888
Septiembre,2008,778324,198295,90189,1066808,9,2008-09-01,1066808
Octubre,2008,776395,198185,91382,1065962,10,2008-10-01,1065962
Noviembre,2008,775940,200134,91214,1067288,11,2008-11-01,1067288
Diciembre,2008,777773,201055,91303,1070131,12,2008-12-01,1070131
Enero,2009,773268,201583,92062,1066913,1,2009-01-01,1066913
Febrero,2009,775893,202923,86972,1065788,2,2009-02-01,1065788
Marzo,2009,780391,204030,85807,1070228,3,2009-03-01,1070228
Abril,2009,774790,201937,90296,1067023,4,2009-04-01,1067023
Mayo,2009,760916,203107,90198,1054221,5,2009-05-01,1054221
Junio,2009,777796,202226,97895,1077917,6,2009-06-01,1077917
Julio,2009,820393,203795,144376,1168564,7,2009-07-01,1168564
Agosto,2009,823827,204873,145747,1174447,8,2009-08-01,1174447
Septiembre,2009,825309,206096,141946,1173351,9,2009-09-01,1173351
Octubre,2009,831244,208380,142094,1181718,10,2009-10-01,1181718
Noviembre,2009,841776,208759,142691,1193226,11,2009-11-01,1193226
Diciembre,2009,846959,209230,142742,1198931,12,2009-12-01,1198931
Enero,2010,848907,209108,142343,1200358,1,2010-01-01,1200358
Febrero,2010,862351,210204,143173,1215728,2,2010-02-01,1215728
Marzo,2010,872565,210273,144695,1227533,3,2010-03-01,1227533
Abril,2010,875242,210401,144712,1230355,4,2010-04-01,1230355
Mayo,2010,880556,212783,142819,1236158,5,2010-05-01,1236158
Junio,2010,878733,212985,141064,1232782,6,2010-06-01,1232782
Julio,2010,882927,213293,139335,1235555,7,2010-07-01,1235555
Agosto,2010,884685,214152,136871,1235708,8,2010-08-01,1235708
Septiembre,2010,890616,213897,129885,1234398,9,2010-09-01,1234398
Octubre,2010,897024,214541,130998,1242563,10,2010-10-01,1242563
Noviembre,2010,907699,216147,131988,1255834,11,2010-11-01,1255834
Diciembre,2010,915161,218443,132303,1265907,12,2010-12-01,1265907
Enero,2011,916450,216626,131523,1264599,1,2011-01-01,1264599
Febrero,2011,928419,215987,132553,1276959,2,2011-02-01,1276959
Marzo,2011,939411,218887,132612,1290910,3,2011-03-01,1290910
Abril,2011,932617,220730,132177,1285524,4,2011-04-01,1285524
Mayo,2011,937315,221246,134443,1293004,5,2011-05-01,1293004
Junio,2011,941870,222290,135923,1300083,6,2011-06-01,1300083
Julio,2011,944423,221824,136425,1302672,7,2011-07-01,1302672
Agosto,2011,947409,220379,137065,1304853,8,2011-08-01,1304853
Septiembre,2011,950673,221337,136413,1308423,9,2011-09-01,1308423
Octubre,2011,950305,222772,137704,1310781,10,2011-10-01,1310781
Noviembre,2011,958658,223716,138339,1320713,11,2011-11-01,1320713
Diciembre,2011,961160,224868,138918,1324946,12,2011-12-01,1324946
Enero,2012,959390,226051,138289,1323730,1,2012-01-01,1323730
Febrero,2012,966374,228174,138842,1333390,2,2012-02-01,1333390
Marzo,2012,974704,230634,140556,1345894,3,2012-03-01,1345894
Abril,2012,977420,230715,141477,1349612,4,2012-04-01,1349612
Mayo,2012,978651,232412,142779,1353842,5,2012-05-01,1353842
Junio,2012,979936,232728,142719,1355383,6,2012-06-01,1355383
Julio,2012,978625,231799,142847,1353271,7,2012-07-01,1353271
Agosto,2012,979557,230439,142480,1352476,8,2012-08-01,1352476
Septiembre,2012,977854,232461,142638,1352953,9,2012-09-01,1352953
Octubre,2012,981949,233360,150954,1366263,10,2012-10-01,1366263
Noviembre,2012,990571,234690,152433,1377694,11,2012-11-01,1377694
Diciembre,2012,993793,235489,153590,1382872,12,2012-12-01,1382872
Enero,2013,997356,235337,153926,1386619,1,2013-01-01,1386619
Febrero,2013,1004903,236656,154235,1395794,2,2013-02-01,1395794
Marzo,2013,1013180,238260,155615,1407055,3,2013-03-01,1407055
Abril,2013,1023206,239662,156479,1419347,4,2013-04-01,1419347
Mayo,2013,1030513,241015,157564,1429092,5,2013-05-01,1429092
Junio,2013,1031271,241492,158841,1431604,6,2013-06-01,1431604
Julio,2013,1034769,242155,159516,1436440,7,2013-07-01,1436440
Agosto,2013,1039431,241532,160210,1441173,8,2013-08-01,1441173
Septiembre,2013,1038134,242270,160826,1441230,9,2013-09-01,1441230
Octubre,2013,1049387,243740,162010,1455137,10,2013-10-01,1455137
Noviembre,2013,1058116,247388,163092,1468596,11,2013-11-01,1468596
Diciembre,2013,1061580,249017,163807,1474404,12,2013-12-01,1474404
Enero,2014,1064247,250171,163562,1477980,1,2014-01-01,1477980
Febrero,2014,1073396,252056,163705,1489157,2,2014-02-01,1489157
Marzo,2014,1084588,256042,165377,1506007,3,2014-03-01,1506007
Abril,2014,1094100,256404,166087,1516591,4,2014-04-01,1516591
Mayo,2014,1100718,259007,167111,1526836,5,2014-05-01,1526836
Junio,2014,1106305,260154,168607,1535066,6,2014-06-01,1535066
Julio,2014,1111934,260612,169821,1542367,7,2014-07-01,1542367
Agosto,2014,1115910,262831,169481,1548222,8,2014-08-01,1548222
Septiembre,2014,1117593,268878,171667,1558138,9,2014-09-01,1558138
Octubre,2014,1127968,277665,172535,1578168,10,2014-10-01,1578168
Noviembre,2014,1137906,280593,173534,1592033,11,2014-11-01,1592033
Diciembre,2014,1144042,281024,173735,1598801,12,2014-12-01,1598801
Enero,2015,1141710,281799,174998,1598507,1,2015-01-01,1598507
Febrero,2015,1153299,284397,177101,1614797,2,2015-02-01,1614797
Marzo,2015,1167426,285324,179147,1631897,3,2015-03-01,1631897
Abril,2015,1176455,284018,182709,1643182,4,2015-04-01,1643182
Mayo,2015,1185897,284893,183544,1654334,5,2015-05-01,1654334
Junio,2015,1187069,285140,184557,1656766,6,2015-06-01,1656766
Julio,2015,1192450,285382,186940,1664772,7,2015-07-01,1664772
Agosto,2015,1189284,285723,187162,1662169,8,2015-08-01,1662169
Septiembre,2015,1195765,292846,187034,1675645,9,2015-09-01,1675645
Octubre,2015,1207519,299728,187117,1694364,10,2015-10-01,1694364
Noviembre,2015,1216447,301483,187747,1705677,11,2015-11-01,1705677
Diciembre,2015,1219689,301947,187150,1708786,12,2015-12-01,1708786
Enero,2016,1219335,298702,187190,1705227,1,2016-01-01,1705227
Febrero,2016,1234748,287652,241289,1763689,2,2016-02-01,1763689
Marzo,2016,1241175,289691,244306,1775172,3,2016-03-01,1775172
Abril,2016,1250245,290584,242126,1782955,4,2016-04-01,1782955
Mayo,2016,1261100,289857,236598,1787555,5,2016-05-01,1787555
Junio,2016,1268037,288040,234876,1790953,6,2016-06-01,1790953
Julio,2016,1271821,287154,232450,1791425,7,2016-07-01,1791425
Agosto,2016,1281799,287566,229880,1799245,8,2016-08-01,1799245
Septiembre,2016,1287973,287462,230524,1805959,9,2016-09-01,1805959
Octubre,2016,1296832,285213,231365,1813410,10,2016-10-01,1813410
Noviembre,2016,1308255,285036,230253,1823544,11,2016-11-01,1823544
Diciembre,2016,1315528,285778,232418,1833724,12,2016-12-01,1833724
Enero,2017,1316344,284205,234282,1834831,1,2017-01-01,1834831
Febrero,2017,1326316,284397,231407,1842120,2,2017-02-01,1842120
Marzo,2017,1342167,313508,263000,1918675,3,2017-03-01,1918675
Abril,2017,1352456,312792,266494,1931742,4,2017-04-01,1931742
Mayo,2017,1358060,312494,267695,1938249,5,2017-05-01,1938249
Junio,2017,1363229,312404,268784,1944417,6,2017-06-01,1944417
Julio,2017,1362895,305619,269786,1938300,7,2017-07-01,1938300
Agosto,2017,1370911,307682,270481,1949074,8,2017-08-01,1949074
Septiembre,2017,1370142,309902,273362,1953406,9,2017-09-01,1953406
Octubre,2017,1381063,316027,274137,1971227,10,2017-10-01,1971227
Noviembre,2017,1395592,317682,275255,1988529,11,2017-11-01,1988529
Diciembre,2017,1389878,318600,275509,1983987,12,2017-12-01,1983987
Enero,2018,1391858,318349,274293,1984500,1,2018-01-01,1984500
Febrero,2018,1399232,319402,274260,1992894,2,2018-02-01,1992894
Marzo,2018,1412209,319949,276079,2008237,3,2018-03-01,2008237
Abril,2018,1426594,320419,277872,2024885,4,2018-04-01,2024885
Mayo,2018,1429733,321903,280118,2031754,5,2018-05-01,2031754
Junio,2018,1435023,322712,285440,2043175,6,2018-06-01,2043175
Julio,2018,1437773,323254,289343,2050370,7,2018-07-01,2050370
Agosto,2018,1443153,323789,291303,2058245,8,2018-08-01,2058245
Septiembre,2018,1447630,325952,292066,2065648,9,2018-09-01,2065648
Octubre,2018,1458793,327620,295494,2081907,10,2018-10-01,2081907
Noviembre,2018,1471610,328856,295921,2096387,11,2018-11-01,2096387
Diciembre,2018,1478504,328888,298503,2105895,12,2018-12-01,2105895
Enero,2019,1487270,329000,301006,2117276,1,2019-01-01,2117276
Febrero,2019,1489805,330399,302629,2122833,2,2019-02-01,2122833
Marzo,2019,1501464,329653,305440,2136557,3,2019-03-01,2136557
Abril,2019,1508657,329746,308773,2147176,4,2019-04-01,2147176
Mayo,2019,1516658,329555,309442,2155655,5,2019-05-01,2155655
Junio,2019,1518302,329364,307012,2154678,6,2019-06-01,2154678
Julio,2019,1521727,329352,305295,2156374,7,2019-07-01,2156374
Agosto,2019,1524193,329546,309104,2162843,8,2019-08-01,2162843
Septiembre,2019,1525544,330284,310559,2166387,9,2019-09-01,2166387
Octubre,2019,1529878,338623,309235,2177736,10,2019-10-01,2177736
Noviembre,2019,1490508,340166,305188,2135862,11,2019-11-01,2135862
Diciembre,2019,1478994,338620,332979,2150593,12,2019-12-01,2150593
Enero,2020,1485379,339500,331239,2156118,1,2020-01-01,2156118
Febrero,2020,1496577,339936,326962,2163475,2,2020-02-01,2163475
Marzo,2020,1479200,340701,321797,2141698,3,2020-03-01,2141698
Abril,2020,962590,341223,309324,1613137,4,2020-04-01,1613137
Mayo,2020,938898,341869,316508,1597275,5,2020-05-01,1597275
Junio,2020,1138747,341926,325970,1806643,6,2020-06-01,1806643
Julio,2020,1207081,336758,338918,1882757,7,2020-07-01,1882757
Agosto,2020,1227833,333925,299932,1861690,8,2020-08-01,1861690
Septiembre,2020,1243196,327365,322610,1893171,9,2020-09-01,1893171
Octubre,2020,1269440,322141,323226,1914807,10,2020-10-01,1914807
Noviembre,2020,1298140,324100,323113,1945353,11,2020-11-01,1945353
Diciembre,2020,1313720,307626,327021,1948367,12,2020-12-01,1948367
Enero,2021,1320182,322127,323025,1965334,1,2021-01-01,1965334
Febrero,2021,1346622,322331,321163,1990116,2,2021-02-01,1990116
Marzo,2021,1389902,326551,286193,2002646,3,2021-03-01,2002646
Abril,2021,1426572,328823,283481,2038876,4,2021-04-01,2038876
Mayo,2021,1453507,331069,285165,2069741,5,2021-05-01,2069741
Junio,2021,1468737,332409,285838,2086984,6,2021-06-01,2086984
Julio,2021,1485749,332786,289008,2107543,7,2021-07-01,2107543
Agosto,2021,1493344,333691,292529,2119564,8,2021-08-01,2119564
Septiembre,2021,1502825,335418,297245,2135488,9,2021-09-01,2135488
Octubre,2021,1513863,336417,310786,2161066,10,2021-10-01,2161066
Noviembre,2021,1520301,335941,319025,2175267,11,2021-11-01,2175267
Diciembre,2021,1526402,350404,326179,2202985,12,2021-12-01,2202985
Enero,2022,1526460,351805,331294,2209559,1,2022-01-01,2209559
Febrero,2022,1546715,352875,325223,2224813,2,2022-02-01,2224813
Marzo,2022,1562315,349942,333066,2245323,3,2022-03-01,2245323
Abril,2022,1557957,348145,343821,2249923,4,2022-04-01,2249923
Mayo,2022,1573072,347879,345013,2265964,5,2022-05-01,2265964
Junio,2022,1578768,360029,348037,2286834,6,2022-06-01,2286834
Julio,2022,1584129,359488,353433,2297050,7,2022-07-01,2297050
Agosto,2022,1590395,360036,356781,2307212,8,2022-08-01,2307212
Septiembre,2022,1598958,355971,360147,2315076,9,2022-09-01,2315076
Octubre,2022,1608535,356218,361399,2326152,10,2022-10-01,2326152
Noviembre,2022,1622188,359483,365136,2346807,11,2022-11-01,2346807
Diciembre,2022,1617435,363880,364395,2345710,12,2022-12-01,2345710
Enero,2023,1618967,365547,365381,2349895,1,2023-01-01,2349895
Febrero,2023,1626663,364943,366884,2358490,2,2023-02-01,2358490
Marzo,2023,1642906,366484,367777,2377167,3,2023-03-01,2377167
Abril,2023,1665811,365388,324765,2355964,4,2023-04-01,2355964
Mayo,2023,1676269,365744,324526,2366539,5,2023-05-01,2366539
Junio,2023,1653702,363062,325461,2342225,6,2023-06-01,2342225
Julio,2023,1649630,362248,325544,2337422,7,2023-07-01,2337422
Agosto,2023,1659055,363323,327947,2350325,8,2023-08-01,2350325
Septiembre,2023,1659579,365328,329895,2354802,9,2023-09-01,2354802
Octubre,2023,1666952,368938,331055,2366945,10,2023-10-01,2366945
Noviembre,2023,1673743,373321,332433,2379497,11,2023-11-01,2379497
Diciembre,2023,1671408,375590,334317,2381315,12,2023-12-01,2381315
Enero,2024,1676727,372461,337894,2387082,1,2024-01-01,2387082
Febrero,2024,1682441,373515,335582,2391538,2,2024-02-01,2391538
Marzo,2024,1686757,377531,338158,2402446,3,2024-03-01,2402446
Abril,2024,1692244,379491,337767,2409502,4,2024-04-01,2409502
Mayo,2024,1688927,380854,338039,2407820,5,2024-05-01,2407820
Junio,2024,1687484,381498,338687,2407669,6,2024-06-01,2407669
Julio,2024,1695089,381267,334527,2410883,7,2024-07-01,2410883
Agosto,2024,1698484,382088,337408,2417980,8,2024-08-01,2417980
Septiembre,2024,1701474,383871,337110,2422455,9,2024-09-01,2422455
Octubre,2024,1712442,384328,338204,2434974,10,2024-10-01,2434974
Noviembre,2024,1723002,383274,339898,2446174,11,2024-11-01,2446174
Diciembre,2024,1718886,389527,341900,2450313,12,2024-12-01,2450313
Enero,2025,1723727,388266,341861,2453854,1,2025-01-01,2453854
Febrero,2025,1728960,388099,341804,2458863,2,2025-02-01,2458863
Marzo,2025,1738476,390829,342204,2471509,3,2025-03-01,2471509
Abril,2025,1744912,392758,344474,2482144,4,2025-04-01,2482144
Mayo,2025,1748627,393505,345360,2487492,5,2025-05-01,2487492
Junio,2025,1746313,393661,347865,2487839,6,2025-06-01,2487839
Julio,2025,1747432,391682,350192,2489306,7,2025-07-01,2489306
Agosto,2025,1751973,398522,351763,2502258,8,2025-08-01,2502258
Septiembre,2025,1755755,407653,351577,2514985,9,2025-09-01,2514985
Octubre,2025,1760862,415434,353426,2529722,10,2025-10-01,2529722
Noviembre,2025,1768482,419510,348410,2536402,11,2025-11-01,2536402
Diciembre,2025,1767288,421389,347115,2535792,12,2025-12-01,2535792
Enero,2026,1770591,410838,353692,2535121,1,2026-01-01,2535121
Febrero,2026,1779059,410320,354047,2543426,2,2026-02-01,2543426
Marzo,2026,1788420,411739,353567,2553726,3,2026-03-01,2553726
Abril,2026,1783942,413675,354651,2552268,4,2026-04-01,2552268
