"row_id","period","year","month","series","value"
4,2020-10-01,2020,10,"Región Este",33583.3273201717
4,2020-10-01,2020,10,"Región Norte o Cibao",34391.9188918662
4,2020-10-01,2020,10,"Región Ozama*",42975.9173538008
4,2020-10-01,2020,10,"Región Sur",28750.3047671318
5,2020-11-01,2020,11,"Región Este",33718.6501737471
5,2020-11-01,2020,11,"Región Norte o Cibao",34598.2017411094
5,2020-11-01,2020,11,"Región Ozama*",43229.3844584561
5,2020-11-01,2020,11,"Región Sur",28978.9789007544
6,2020-12-01,2020,12,"Región Este",33902.7074974594
6,2020-12-01,2020,12,"Región Norte o Cibao",34774.1864942396
6,2020-12-01,2020,12,"Región Ozama*",43423.5308900427
6,2020-12-01,2020,12,"Región Sur",29117.4501156015
8,2021-01-01,2021,1,"Región Este",34240.5259836358
8,2021-01-01,2021,1,"Región Norte o Cibao",35121.1469468057
8,2021-01-01,2021,1,"Región Ozama*",43800.5990130599
8,2021-01-01,2021,1,"Región Sur",29471.9364256098
9,2021-02-01,2021,2,"Región Este",34532.4115801778
9,2021-02-01,2021,2,"Región Norte o Cibao",35349.2258583578
9,2021-02-01,2021,2,"Región Ozama*",44080.8017858422
9,2021-02-01,2021,2,"Región Sur",29695.7059088026
10,2021-03-01,2021,3,"Región Este",34736.0148143729
10,2021-03-01,2021,3,"Región Norte o Cibao",35610.6984612059
10,2021-03-01,2021,3,"Región Ozama*",44293.6561176888
10,2021-03-01,2021,3,"Región Sur",29903.4127310731
11,2021-04-01,2021,4,"Región Este",34880.9803171197
11,2021-04-01,2021,4,"Región Norte o Cibao",35785.3474666843
11,2021-04-01,2021,4,"Región Ozama*",44447.0608998203
11,2021-04-01,2021,4,"Región Sur",30043.2686580686
12,2021-05-01,2021,5,"Región Este",35143.8728131124
12,2021-05-01,2021,5,"Región Norte o Cibao",36026.7838547548
12,2021-05-01,2021,5,"Región Ozama*",44683.1961742126
12,2021-05-01,2021,5,"Región Sur",30314.1183543094
13,2021-06-01,2021,6,"Región Este",35363.1127756936
13,2021-06-01,2021,6,"Región Norte o Cibao",36294.6012589492
13,2021-06-01,2021,6,"Región Ozama*",44912.2640196177
13,2021-06-01,2021,6,"Región Sur",30557.5507500105
14,2021-07-01,2021,7,"Región Este",35565.4129491898
14,2021-07-01,2021,7,"Región Norte o Cibao",36512.9960000255
14,2021-07-01,2021,7,"Región Ozama*",45117.2194602434
14,2021-07-01,2021,7,"Región Sur",30748.08714164
15,2021-08-01,2021,8,"Región Este",35836.7753397249
15,2021-08-01,2021,8,"Región Norte o Cibao",36831.2378780769
15,2021-08-01,2021,8,"Región Ozama*",45432.3436468443
15,2021-08-01,2021,8,"Región Sur",31055.2162961706
16,2021-09-01,2021,9,"Región Este",36027.6737321062
16,2021-09-01,2021,9,"Región Norte o Cibao",36999.2081452961
16,2021-09-01,2021,9,"Región Ozama*",45620.6698427945
16,2021-09-01,2021,9,"Región Sur",31208.3654597914
17,2021-10-01,2021,10,"Región Este",36250.4971116093
17,2021-10-01,2021,10,"Región Norte o Cibao",37248.3250823647
17,2021-10-01,2021,10,"Región Ozama*",45902.5355400444
17,2021-10-01,2021,10,"Región Sur",31414.1336850541
18,2021-11-01,2021,11,"Región Este",36603.3007958224
18,2021-11-01,2021,11,"Región Norte o Cibao",37691.1254289505
18,2021-11-01,2021,11,"Región Ozama*",46368.5701220755
18,2021-11-01,2021,11,"Región Sur",31772.2202466485
19,2021-12-01,2021,12,"Región Este",36838.1774867898
19,2021-12-01,2021,12,"Región Norte o Cibao",37933.2296908469
19,2021-12-01,2021,12,"Región Ozama*",46735.2449671705
19,2021-12-01,2021,12,"Región Sur",32023.6839728107
21,2022-01-01,2022,1,"Región Este",37279.5892985247
21,2022-01-01,2022,1,"Región Norte o Cibao",38503.2600012707
21,2022-01-01,2022,1,"Región Ozama*",47178.8300688898
21,2022-01-01,2022,1,"Región Sur",32403.9259287806
22,2022-02-01,2022,2,"Región Este",37643.1432335034
22,2022-02-01,2022,2,"Región Norte o Cibao",38900.3109907808
22,2022-02-01,2022,2,"Región Ozama*",47561.3026964265
22,2022-02-01,2022,2,"Región Sur",32724.6252623663
23,2022-03-01,2022,3,"Región Este",37904.7326687971
23,2022-03-01,2022,3,"Región Norte o Cibao",39180.4840607548
23,2022-03-01,2022,3,"Región Ozama*",47846.9099737284
23,2022-03-01,2022,3,"Región Sur",32970.8270823643
24,2022-04-01,2022,4,"Región Este",38305.7495988677
24,2022-04-01,2022,4,"Región Norte o Cibao",39595.9015804778
24,2022-04-01,2022,4,"Región Ozama*",48243.9331903562
24,2022-04-01,2022,4,"Región Sur",33313.9587527552
25,2022-05-01,2022,5,"Región Este",38522.0576748765
25,2022-05-01,2022,5,"Región Norte o Cibao",39829.6574195502
25,2022-05-01,2022,5,"Región Ozama*",48417.2930660984
25,2022-05-01,2022,5,"Región Sur",33528.8660781978
26,2022-06-01,2022,6,"Región Este",38763.1239041634
26,2022-06-01,2022,6,"Región Norte o Cibao",40134.5418210832
26,2022-06-01,2022,6,"Región Ozama*",48669.6418540492
26,2022-06-01,2022,6,"Región Sur",33779.4989770709
27,2022-07-01,2022,7,"Región Este",38910.695528308
27,2022-07-01,2022,7,"Región Norte o Cibao",40353.9383728983
27,2022-07-01,2022,7,"Región Ozama*",48926.147953169
27,2022-07-01,2022,7,"Región Sur",33907.1694371598
28,2022-08-01,2022,8,"Región Este",38984.3184577929
28,2022-08-01,2022,8,"Región Norte o Cibao",40476.1592830419
28,2022-08-01,2022,8,"Región Ozama*",49003.889672027
28,2022-08-01,2022,8,"Región Sur",33965.0504049659
29,2022-09-01,2022,9,"Región Este",39134.1704381605
29,2022-09-01,2022,9,"Región Norte o Cibao",40578.6779153208
29,2022-09-01,2022,9,"Región Ozama*",49156.8787230417
29,2022-09-01,2022,9,"Región Sur",34053.1180976086
30,2022-10-01,2022,10,"Región Este",39300.3106772637
30,2022-10-01,2022,10,"Región Norte o Cibao",40724.9422831976
30,2022-10-01,2022,10,"Región Ozama*",49250.4182243414
30,2022-10-01,2022,10,"Región Sur",34138.1394235247
31,2022-11-01,2022,11,"Región Este",39496.0955472656
31,2022-11-01,2022,11,"Región Norte o Cibao",40957.3623746182
31,2022-11-01,2022,11,"Región Ozama*",49437.081495824
31,2022-11-01,2022,11,"Región Sur",34302.0893419035
32,2022-12-01,2022,12,"Región Este",39833.914033442
32,2022-12-01,2022,12,"Región Norte o Cibao",41331.0377802211
32,2022-12-01,2022,12,"Región Ozama*",49939.7004161413
32,2022-12-01,2022,12,"Región Sur",34640.5129909896
34,2023-01-01,2023,1,"Región Este",40144.0424797679
34,2023-01-01,2023,1,"Región Norte o Cibao",41530.7320541715
34,2023-01-01,2023,1,"Región Ozama*",50247.7571737551
34,2023-01-01,2023,1,"Región Sur",34963.1509215832
35,2023-02-01,2023,2,"Región Este",40265.5528899355
35,2023-02-01,2023,2,"Región Norte o Cibao",41519.0442622179
35,2023-02-01,2023,2,"Región Ozama*",50334.2292460678
35,2023-02-01,2023,2,"Región Sur",34977.828870357
36,2023-03-01,2023,3,"Región Este",40394.5558991215
36,2023-03-01,2023,3,"Región Norte o Cibao",41611.8787240209
36,2023-03-01,2023,3,"Región Ozama*",50433.588983004
36,2023-03-01,2023,3,"Región Sur",35034.6020684442
37,2023-04-01,2023,4,"Región Este",40505.967588873
37,2023-04-01,2023,4,"Región Norte o Cibao",41724.0815267757
37,2023-04-01,2023,4,"Región Ozama*",50553.3195446676
37,2023-04-01,2023,4,"Región Sur",35095.2524605472
38,2023-05-01,2023,5,"Región Este",40477.6260186731
38,2023-05-01,2023,5,"Región Norte o Cibao",41664.6407562687
38,2023-05-01,2023,5,"Región Ozama*",50423.6114361987
38,2023-05-01,2023,5,"Región Sur",35010.5080770609
39,2023-06-01,2023,6,"Región Este",40560.0446078752
39,2023-06-01,2023,6,"Región Norte o Cibao",41742.4480569885
39,2023-06-01,2023,6,"Región Ozama*",50537.5217622259
39,2023-06-01,2023,6,"Región Sur",35116.5770276337
40,2023-07-01,2023,7,"Región Este",40697.5826646386
40,2023-07-01,2023,7,"Región Norte o Cibao",41934.0610576453
40,2023-07-01,2023,7,"Región Ozama*",50768.4188245454
40,2023-07-01,2023,7,"Región Sur",35304.4547719381
41,2023-08-01,2023,8,"Región Este",40847.6952571459
41,2023-08-01,2023,8,"Región Norte o Cibao",42199.540903449
41,2023-08-01,2023,8,"Región Ozama*",51001.1451037791
41,2023-08-01,2023,8,"Región Sur",35499.6161021435
42,2023-09-01,2023,9,"Región Este",41043.2195150081
42,2023-09-01,2023,9,"Región Norte o Cibao",42384.8758901422
42,2023-09-01,2023,9,"Región Ozama*",51217.824161901
42,2023-09-01,2023,9,"Región Sur",35635.9548602819
43,2023-10-01,2023,10,"Región Este",41139.8740423452
43,2023-10-01,2023,10,"Región Norte o Cibao",42477.1092655019
43,2023-10-01,2023,10,"Región Ozama*",51339.5502329258
43,2023-10-01,2023,10,"Región Sur",35682.4534942275
44,2023-11-01,2023,11,"Región Este",41213.9530430747
44,2023-11-01,2023,11,"Región Norte o Cibao",42544.7648840677
44,2023-11-01,2023,11,"Región Ozama*",51398.4593321888
44,2023-11-01,2023,11,"Región Sur",35724.8256859707
45,2023-12-01,2023,12,"Región Este",41399.736922213
45,2023-12-01,2023,12,"Región Norte o Cibao",42735.5430424421
45,2023-12-01,2023,12,"Región Ozama*",51703.4396795376
45,2023-12-01,2023,12,"Región Sur",35958.094294502
47,2024-01-01,2024,1,"Región Este",41561.7399435973
47,2024-01-01,2024,1,"Región Norte o Cibao",42858.2648579551
47,2024-01-01,2024,1,"Región Ozama*",51928.5580793323
47,2024-01-01,2024,1,"Región Sur",36131.3494785186
48,2024-02-01,2024,2,"Región Este",41637.0242754733
48,2024-02-01,2024,2,"Región Norte o Cibao",42870.8542795737
48,2024-02-01,2024,2,"Región Ozama*",51980.6076151667
48,2024-02-01,2024,2,"Región Sur",36176.0479866712
49,2024-03-01,2024,3,"Región Este",41734.9492869917
49,2024-03-01,2024,3,"Región Norte o Cibao",42976.9460368213
49,2024-03-01,2024,3,"Región Ozama*",52149.3528755114
49,2024-03-01,2024,3,"Región Sur",36315.1561691065
50,2024-04-01,2024,4,"Región Este",41742.4093094926
50,2024-04-01,2024,4,"Región Norte o Cibao",42929.76075102
50,2024-04-01,2024,4,"Región Ozama*",52076.9325149496
50,2024-04-01,2024,4,"Región Sur",36303.0537849289
51,2024-05-01,2024,5,"Región Este",41732.1802830067
51,2024-05-01,2024,5,"Región Norte o Cibao",42899.9735783839
51,2024-05-01,2024,5,"Región Ozama*",52068.5763195001
51,2024-05-01,2024,5,"Región Sur",36284.9140557839
52,2024-06-01,2024,6,"Región Este",41921.8733442415
52,2024-06-01,2024,6,"Región Norte o Cibao",43084.8410533989
52,2024-06-01,2024,6,"Región Ozama*",52326.2048926355
52,2024-06-01,2024,6,"Región Sur",36489.6852882997
53,2024-07-01,2024,7,"Región Este",42169.4223005052
53,2024-07-01,2024,7,"Región Norte o Cibao",43343.1412555739
53,2024-07-01,2024,7,"Región Ozama*",52535.7749486586
53,2024-07-01,2024,7,"Región Sur",36756.7962617396
54,2024-08-01,2024,8,"Región Este",42309.4361725965
54,2024-08-01,2024,8,"Región Norte o Cibao",43569.8510257828
54,2024-08-01,2024,8,"Región Ozama*",52718.0730434139
54,2024-08-01,2024,8,"Región Sur",36893.7996817092
55,2024-09-01,2024,9,"Región Este",42422.509264739
55,2024-09-01,2024,9,"Región Norte o Cibao",43681.3525610204
55,2024-09-01,2024,9,"Región Ozama*",52884.1576246105
55,2024-09-01,2024,9,"Región Sur",37027.7844291952
56,2024-10-01,2024,10,"Región Este",42433.1292094346
56,2024-10-01,2024,10,"Región Norte o Cibao",43695.745241969
56,2024-10-01,2024,10,"Región Ozama*",52977.4892603518
56,2024-10-01,2024,10,"Región Sur",37033.2125008172
57,2024-11-01,2024,11,"Región Este",42459.1904234116
57,2024-11-01,2024,11,"Región Norte o Cibao",43796.5941896831
57,2024-11-01,2024,11,"Región Ozama*",53063.5040284359
57,2024-11-01,2024,11,"Región Sur",37051.8507263356
58,2024-12-01,2024,12,"Región Este",42735.6999037072
58,2024-12-01,2024,12,"Región Norte o Cibao",44096.3359627565
58,2024-12-01,2024,12,"Región Ozama*",53457.4508347987
58,2024-12-01,2024,12,"Región Sur",37295.864701139
60,2025-01-01,2025,1,"Región Este",42897.8006546439
60,2025-01-01,2025,1,"Región Norte o Cibao",44310.1223744339
60,2025-01-01,2025,1,"Región Ozama*",53595.4735656054
60,2025-01-01,2025,1,"Región Sur",37455.189680942
61,2025-02-01,2025,2,"Región Este",43055.6990348269
61,2025-02-01,2025,2,"Región Norte o Cibao",44425.4975778618
61,2025-02-01,2025,2,"Región Ozama*",53805.7503645273
61,2025-02-01,2025,2,"Región Sur",37530.0195254453
62,2025-03-01,2025,3,"Región Este",43202.5865521045
62,2025-03-01,2025,3,"Región Norte o Cibao",44535.8637275953
62,2025-03-01,2025,3,"Región Ozama*",53996.6540934021
62,2025-03-01,2025,3,"Región Sur",37645.8091553004
63,2025-04-01,2025,4,"Región Este",43323.8037736149
63,2025-04-01,2025,4,"Región Norte o Cibao",44591.6311920597
63,2025-04-01,2025,4,"Región Ozama*",53950.3416469808
63,2025-04-01,2025,4,"Región Sur",37619.2226820498
64,2025-05-01,2025,5,"Región Este",43440.232247057
64,2025-05-01,2025,5,"Región Norte o Cibao",44611.7341942199
64,2025-05-01,2025,5,"Región Ozama*",53990.4181266488
64,2025-05-01,2025,5,"Región Sur",37639.5225621464
65,2025-06-01,2025,6,"Región Este",43531.902567221
65,2025-06-01,2025,6,"Región Norte o Cibao",44675.582931978
65,2025-06-01,2025,6,"Región Ozama*",54106.4071082605
65,2025-06-01,2025,6,"Región Sur",37763.6481591352
66,2025-07-01,2025,7,"Región Este",43711.724943662
66,2025-07-01,2025,7,"Región Norte o Cibao",44861.018099745
66,2025-07-01,2025,7,"Región Ozama*",54275.9006846156
66,2025-07-01,2025,7,"Región Sur",37941.0851738402
67,2025-08-01,2025,8,"Región Este",43974.5522866197
67,2025-08-01,2025,8,"Región Norte o Cibao",45238.8677167599
67,2025-08-01,2025,8,"Región Ozama*",54638.2934992067
67,2025-08-01,2025,8,"Región Sur",38175.5169405762
68,2025-09-01,2025,9,"Región Este",44115.6411837875
68,2025-09-01,2025,9,"Región Norte o Cibao",45437.8607231932
68,2025-09-01,2025,9,"Región Ozama*",54797.3106514163
68,2025-09-01,2025,9,"Región Sur",38274.6346361637
69,2025-10-01,2025,10,"Región Este",44325.6945684418
69,2025-10-01,2025,10,"Región Norte o Cibao",45671.3494127352
69,2025-10-01,2025,10,"Región Ozama*",55126.7359884381
69,2025-10-01,2025,10,"Región Sur",38483.6430878538
70,2025-11-01,2025,11,"Región Este",44621.59
70,2025-11-01,2025,11,"Región Norte o Cibao",45993.13
70,2025-11-01,2025,11,"Región Ozama*",55522.89
70,2025-11-01,2025,11,"Región Sur",38779.17
71,2025-12-01,2025,12,"Región Este",44921.8122616474
71,2025-12-01,2025,12,"Región Norte o Cibao",46392.0854519781
71,2025-12-01,2025,12,"Región Ozama*",55965.9308209877
71,2025-12-01,2025,12,"Región Sur",39187.7969095938
73,2026-01-01,2026,1,"Región Este",45256.8291673213
73,2026-01-01,2026,1,"Región Norte o Cibao",46586.2029794821
73,2026-01-01,2026,1,"Región Ozama*",56106.0322073789
73,2026-01-01,2026,1,"Región Sur",39393.0666384831
74,2026-02-01,2026,2,"Región Este",45330.6801324286
74,2026-02-01,2026,2,"Región Norte o Cibao",46573.3798020244
74,2026-02-01,2026,2,"Región Ozama*",56144.8199205846
74,2026-02-01,2026,2,"Región Sur",39347.011112425
75,2026-03-01,2026,3,"Región Este",45497.4719018811
75,2026-03-01,2026,3,"Región Norte o Cibao",46764.7256531508
75,2026-03-01,2026,3,"Región Ozama*",56240.7706623622
75,2026-03-01,2026,3,"Región Sur",39420.0131368923
76,2026-04-01,2026,4,"Región Este",45706.319955389
76,2026-04-01,2026,4,"Región Norte o Cibao",47017.6494710272
76,2026-04-01,2026,4,"Región Ozama*",56505.3419451496
76,2026-04-01,2026,4,"Región Sur",39596.6470185512
77,2026-05-01,2026,5,"Región Este",45938.264759784
77,2026-05-01,2026,5,"Región Norte o Cibao",47178.139551396
77,2026-05-01,2026,5,"Región Ozama*",56658.372569276
77,2026-05-01,2026,5,"Región Sur",39658.6544285597
78,2026-06-01,2026,6,"Región Este",46171.8383900526
78,2026-06-01,2026,6,"Región Norte o Cibao",47410.0587374472
78,2026-06-01,2026,6,"Región Ozama*",56939.9472547441
78,2026-06-01,2026,6,"Región Sur",39903.9146442967
