"chequeo","estado","detalle"
"R lee UTF-8","OK","l10n_info UTF-8 = TRUE"
"Universo canónico 2022","OK","1.731.814 parejas con edades plausibles"
"Seis resultados nacionales replicados","OK","Observados y esperados nacionales coinciden con la figura 11"
"Contrafactual geográfico sensible","OK","Se reportan κ por región y por provincia"
"Estratos principales diagnosticados","OK","máximo 3,3% de filas en estratos n<10"
"Educación armonizada 2010-2022","OK","Cuatro niveles idénticos: preprimaria, primaria, secundaria y superior"
"ENHOGAR ponderada","OK","4.872 parejas; factor de expansión final"
"Incertidumbre ENHOGAR","OK","399 réplicas Rao–Wu por UPM; estratos reducidos en educación"
"Limitación causal explícita","OK","El gráfico describe asociación; no separa selección de convergencia"
